,fips,freq
0,01001,0.37945
1,01003,0.33685000000000004
2,01005,0.46564999999999995
3,01007,0.42924999999999996
4,01009,0.39965000000000006
5,01011,0.48974999999999996
6,01013,0.45045
7,01015,0.39675
8,01017,0.44179999999999997
9,01019,0.40595
10,01021,0.4305
11,01023,0.45555
12,01025,0.44189999999999996
13,01027,0.42295
14,01029,0.39325000000000004
15,01031,0.3936
16,01033,0.409
17,01035,0.45025
18,01037,0.45004999999999995
19,01039,0.40605
20,01041,0.42719999999999997
21,01043,0.3892
22,01045,0.41605000000000003
23,01047,0.48105000000000003
24,01049,0.39909999999999995
25,01051,0.38105000000000006
26,01053,0.4287
27,01055,0.3883
28,01057,0.43105000000000004
29,01059,0.38754999999999995
30,01061,0.4226
31,01063,0.50925
32,01065,0.49489999999999995
33,01067,0.4412
34,01069,0.40355
35,01071,0.38805
36,01073,0.38625
37,01075,0.3931
38,01077,0.36900000000000005
39,01079,0.43310000000000004
40,01081,0.37900000000000006
41,01083,0.3998999999999999
42,01085,0.48424999999999996
43,01087,0.4686
44,01089,0.35995
45,01091,0.46225
46,01093,0.39019999999999994
47,01095,0.3799
48,01097,0.4006
49,01099,0.44349999999999995
50,01101,0.4084999999999999
51,01103,0.39355000000000007
52,01105,0.5001
53,01107,0.45035
54,01109,0.42760000000000004
55,01111,0.42105000000000004
56,01113,0.44799999999999995
57,01115,0.40259999999999996
58,01117,0.34775000000000006
59,01119,0.47914999999999996
60,01121,0.44335
61,01123,0.4139
62,01125,0.40105
63,01127,0.40740000000000004
64,01129,0.43384999999999996
65,01131,0.49870000000000003
66,01133,0.40225
67,02013,0.3373999999999999
68,02016,0.33464999999999995
69,02020,0.34255
70,02050,0.4365
71,02060,0.39445
72,02070,0.42435
73,02090,0.34355
74,02100,0.3693000000000001
75,02105,0.40269999999999995
76,02110,0.34665
77,02122,0.37375
78,02130,0.38065
79,02150,0.34370000000000006
80,02164,0.46120000000000005
81,02170,0.36245000000000005
82,02180,0.39799999999999996
83,02185,0.40590000000000004
84,02188,0.4423
85,02195,0.38065
86,02198,0.38065
87,02220,0.33845
88,02230,0.40269999999999995
89,02240,0.3691
90,02261,0.3673
91,02270,0.46905
92,02275,0.38065
93,02282,0.38349999999999995
94,02290,0.40425
95,04001,0.42894999999999994
96,04003,0.33585
97,04005,0.2978
98,04007,0.36845
99,04009,0.40585
100,04011,0.37599999999999995
101,04012,0.41385000000000005
102,04013,0.3209
103,04015,0.34375
104,04017,0.38994999999999996
105,04019,0.324
106,04021,0.39975
107,04023,0.34625
108,04025,0.2945
109,04027,0.40215
110,05001,0.42450000000000004
111,05003,0.4216
112,05005,0.34385
113,05007,0.3492
114,05009,0.3382
115,05011,0.428
116,05013,0.42015
117,05015,0.34814999999999996
118,05017,0.47075
119,05019,0.39405
120,05021,0.42205
121,05023,0.3688
122,05025,0.39465000000000006
123,05027,0.41229999999999994
124,05029,0.3936
125,05031,0.37489999999999996
126,05033,0.3798
127,05035,0.44185
128,05037,0.4239
129,05039,0.43875
130,05041,0.444
131,05043,0.40395
132,05045,0.35735
133,05047,0.363
134,05049,0.376
135,05051,0.35340000000000005
136,05053,0.392
137,05055,0.39995
138,05057,0.42745000000000005
139,05059,0.3968
140,05061,0.42565
141,05063,0.3702
142,05065,0.3643
143,05067,0.4368
144,05069,0.44185
145,05071,0.3949
146,05073,0.44205
147,05075,0.4179
148,05077,0.4928
149,05079,0.44920000000000004
150,05081,0.41265
151,05083,0.38125
152,05085,0.38909999999999995
153,05087,0.38525000000000004
154,05089,0.37549999999999994
155,05091,0.4219
156,05093,0.44765
157,05095,0.4661
158,05097,0.38305000000000006
159,05099,0.43584999999999996
160,05101,0.38225000000000003
161,05103,0.43674999999999997
162,05105,0.38055
163,05107,0.47035
164,05109,0.38955
165,05111,0.4423
166,05113,0.38945
167,05115,0.37695
168,05117,0.4217
169,05119,0.36095
170,05121,0.39495
171,05123,0.46495000000000003
172,05125,0.36719999999999997
173,05127,0.3836
174,05129,0.40480000000000005
175,05131,0.33845
176,05133,0.43545
177,05135,0.37435
178,05137,0.37644999999999995
179,05139,0.3979
180,05141,0.37879999999999997
181,05143,0.34635
182,05145,0.38734999999999997
183,05147,0.4559
184,05149,0.4017
185,06001,0.2731
186,06003,0.33019999999999994
187,06005,0.34564999999999996
188,06007,0.32935000000000003
189,06009,0.34600000000000003
190,06011,0.38480000000000003
191,06013,0.31295
192,06015,0.3862
193,06017,0.27255
194,06019,0.40104999999999996
195,06021,0.3727
196,06023,0.33295
197,06025,0.39945
198,06027,0.3469
199,06029,0.39055
200,06031,0.39510000000000006
201,06033,0.3538
202,06035,0.34985
203,06037,0.3042
204,06039,0.40724999999999995
205,06041,0.2201
206,06043,0.35810000000000003
207,06045,0.3235
208,06047,0.43620000000000003
209,06049,0.35335
210,06051,0.32795
211,06053,0.34145
212,06055,0.32225000000000004
213,06057,0.27675
214,06059,0.2736
215,06061,0.27005
216,06063,0.3236
217,06065,0.35609999999999997
218,06067,0.34480000000000005
219,06069,0.37194999999999995
220,06071,0.36200000000000004
221,06073,0.30115000000000003
222,06075,0.1961
223,06077,0.3785
224,06079,0.29605
225,06081,0.2413
226,06083,0.2994
227,06085,0.2594
228,06087,0.28925
229,06089,0.34064999999999995
230,06091,0.3243
231,06093,0.33695
232,06095,0.3483
233,06097,0.2989
234,06099,0.39295
235,06101,0.33315
236,06103,0.35575
237,06105,0.32945
238,06107,0.41114999999999996
239,06109,0.32205
240,06111,0.3078
241,06113,0.33225
242,06115,0.3768
243,08001,0.28035
244,08003,0.32075000000000004
245,08005,0.2644
246,08007,0.2712
247,08009,0.36615
248,08011,0.41019999999999995
249,08013,0.28035
250,08014,0.28035
251,08015,0.2404
252,08017,0.37045
253,08019,0.26365
254,08021,0.3207
255,08023,0.36325
256,08025,0.42325
257,08027,0.317
258,08029,0.27899999999999997
259,08031,0.26
260,08033,0.30135
261,08035,0.2143
262,08037,0.21445
263,08039,0.25980000000000003
264,08041,0.272
265,08043,0.3057
266,08045,0.2551
267,08047,0.29505000000000003
268,08049,0.25425000000000003
269,08051,0.24634999999999999
270,08053,0.28485
271,08055,0.3688
272,08057,0.29185
273,08059,0.28035
274,08061,0.3527
275,08063,0.37305
276,08065,0.26085
277,08067,0.22954999999999998
278,08069,0.2464
279,08071,0.3508
280,08073,0.3586
281,08075,0.3455
282,08077,0.28405
283,08079,0.3015
284,08081,0.33474999999999994
285,08083,0.2959
286,08085,0.2847
287,08087,0.36335
288,08089,0.38484999999999997
289,08091,0.26175
290,08093,0.2538
291,08095,0.36474999999999996
292,08097,0.19865000000000002
293,08099,0.37585
294,08101,0.3434999999999999
295,08103,0.25545
296,08105,0.32405
297,08107,0.21105000000000002
298,08109,0.35485
299,08111,0.31679999999999997
300,08113,0.2916
301,08115,0.36435
302,08117,0.2296
303,08119,0.23835
304,08121,0.34379999999999994
305,08123,0.28035
306,08125,0.35784999999999995
307,09001,0.26935000000000003
308,09003,0.33195
309,09005,0.294
310,09007,0.3149
311,09009,0.34364999999999996
312,09011,0.32165
313,09013,0.31715
314,09015,0.36085
315,10001,0.4219
316,10003,0.35555
317,10005,0.38864999999999994
318,11001,0.28855000000000003
319,12001,0.3115
320,12003,0.42365
321,12005,0.33965
322,12007,0.4515
323,12009,0.34954999999999997
324,12011,0.3193
325,12013,0.42155000000000004
326,12015,0.33954999999999996
327,12017,0.3704
328,12019,0.35834999999999995
329,12021,0.30725
330,12023,0.41480000000000006
331,12027,0.41090000000000004
332,12029,0.41609999999999997
333,12031,0.3678
334,12033,0.3506
335,12035,0.345
336,12037,0.3754
337,12039,0.4416
338,12041,0.39899999999999997
339,12043,0.38894999999999996
340,12045,0.3673
341,12047,0.44329999999999997
342,12049,0.4622
343,12051,0.42725
344,12053,0.3552
345,12055,0.38765
346,12057,0.3457
347,12059,0.40090000000000003
348,12061,0.3232
349,12063,0.40825
350,12065,0.41450000000000004
351,12067,0.3895
352,12069,0.35894999999999994
353,12071,0.33645
354,12073,0.35215
355,12075,0.39985
356,12077,0.40855
357,12079,0.4354
358,12081,0.3371
359,12083,0.38185
360,12085,0.2819
361,12086,0.33935000000000004
362,12087,0.2749
363,12089,0.3472
364,12091,0.33020000000000005
365,12093,0.41755
366,12095,0.342
367,12097,0.37835
368,12099,0.309
369,12101,0.3478
370,12103,0.32785
371,12105,0.4029
372,12107,0.43005000000000004
373,12109,0.30965
374,12111,0.3712
375,12113,0.32855000000000006
376,12115,0.2884
377,12117,0.32484999999999997
378,12119,0.3714
379,12121,0.3979
380,12123,0.4117
381,12125,0.46590000000000004
382,12127,0.3467
383,12129,0.3979
384,12131,0.33535
385,12133,0.39665
386,13001,0.43290000000000006
387,13003,0.44819999999999993
388,13005,0.4322
389,13007,0.43445
390,13009,0.41515
391,13011,0.39030000000000004
392,13013,0.3789
393,13015,0.3679
394,13017,0.43744999999999995
395,13019,0.42465
396,13021,0.39399999999999996
397,13023,0.446
398,13025,0.41705
399,13027,0.43004999999999993
400,13029,0.35005000000000003
401,13031,0.39854999999999996
402,13033,0.47395
403,13035,0.42364999999999997
404,13037,0.49629999999999996
405,13039,0.3704
406,13043,0.43229999999999996
407,13045,0.37965000000000004
408,13047,0.3888
409,13049,0.469
410,13051,0.3739
411,13053,0.37810000000000005
412,13055,0.4296
413,13057,0.32305
414,13059,0.36385000000000006
415,13061,0.4675
416,13063,0.41269999999999996
417,13065,0.46475
418,13067,0.3139
419,13069,0.41985
420,13071,0.42085
421,13073,0.31795
422,13075,0.43595
423,13077,0.35445
424,13079,0.41045000000000004
425,13081,0.4404
426,13083,0.3798
427,13085,0.32909999999999995
428,13087,0.43560000000000004
429,13089,0.33244999999999997
430,13091,0.4343
431,13093,0.4617
432,13095,0.43365000000000004
433,13097,0.34850000000000003
434,13099,0.45629999999999993
435,13101,0.44715000000000005
436,13103,0.4029
437,13105,0.42310000000000003
438,13107,0.44870000000000004
439,13109,0.43305
440,13111,0.36125
441,13113,0.29995
442,13115,0.37405
443,13117,0.28155
444,13119,0.39640000000000003
445,13121,0.29485
446,13123,0.3807
447,13125,0.42135000000000006
448,13127,0.37644999999999995
449,13129,0.37939999999999996
450,13131,0.43534999999999996
451,13133,0.41605000000000003
452,13135,0.3165
453,13137,0.37215000000000004
454,13139,0.34504999999999997
455,13141,0.4849
456,13143,0.39644999999999997
457,13145,0.3657
458,13147,0.3972
459,13149,0.42565
460,13151,0.35215
461,13153,0.37439999999999996
462,13155,0.42945
463,13157,0.3686499999999999
464,13159,0.3909
465,13161,0.42450000000000004
466,13163,0.4907
467,13165,0.49045
468,13167,0.47215
469,13169,0.3786
470,13171,0.43284999999999996
471,13173,0.43144999999999994
472,13175,0.4216
473,13177,0.37244999999999995
474,13179,0.39370000000000005
475,13181,0.42625
476,13183,0.42760000000000004
477,13185,0.3961
478,13187,0.35795
479,13189,0.45565
480,13191,0.4291
481,13193,0.45405
482,13195,0.39974999999999994
483,13197,0.42915
484,13199,0.45030000000000003
485,13201,0.40924999999999995
486,13205,0.46490000000000004
487,13207,0.4046
488,13209,0.4275
489,13211,0.39039999999999997
490,13213,0.41509999999999997
491,13215,0.41150000000000003
492,13217,0.38480000000000003
493,13219,0.32170000000000004
494,13221,0.40265
495,13223,0.3554
496,13225,0.41845
497,13227,0.35370000000000007
498,13229,0.41600000000000004
499,13231,0.3985
500,13233,0.3845
501,13235,0.44295
502,13237,0.3947
503,13239,0.49829999999999997
504,13241,0.35965
505,13243,0.49485
506,13245,0.4031
507,13247,0.35765
508,13249,0.44375
509,13251,0.4667
510,13253,0.41725
511,13255,0.43465000000000004
512,13257,0.40620000000000006
513,13259,0.46974999999999995
514,13261,0.42915
515,13263,0.46495000000000003
516,13265,0.5058
517,13267,0.44845
518,13269,0.45215000000000005
519,13271,0.43365000000000004
520,13273,0.5085999999999999
521,13275,0.3953
522,13277,0.4122
523,13279,0.41944999999999993
524,13281,0.35505
525,13283,0.4585
526,13285,0.3982
527,13287,0.4727
528,13289,0.47980000000000006
529,13291,0.3367
530,13293,0.43534999999999996
531,13295,0.40840000000000004
532,13297,0.3752
533,13299,0.41345
534,13301,0.47775
535,13303,0.45495
536,13305,0.41784999999999994
537,13307,0.43445
538,13309,0.4556
539,13311,0.34875
540,13313,0.3893
541,13315,0.44965000000000005
542,13317,0.4429
543,13319,0.42715000000000003
544,13321,0.43305
545,15001,0.28575
546,15003,0.26725
547,15005,0.2915
548,15007,0.2624
549,15009,0.2915
550,16001,0.30820000000000003
551,16003,0.3662
552,16005,0.36230000000000007
553,16007,0.32635000000000003
554,16009,0.35664999999999997
555,16011,0.4046
556,16013,0.262
557,16015,0.3751
558,16017,0.30565000000000003
559,16019,0.3559999999999999
560,16021,0.34505
561,16023,0.34685000000000005
562,16025,0.35379999999999995
563,16027,0.3834
564,16029,0.36924999999999997
565,16031,0.39344999999999997
566,16033,0.39915
567,16035,0.354
568,16037,0.3373999999999999
569,16039,0.355
570,16041,0.3419
571,16043,0.31060000000000004
572,16045,0.38605000000000006
573,16047,0.39510000000000006
574,16049,0.3542
575,16051,0.3676
576,16053,0.41195
577,16055,0.32030000000000003
578,16057,0.32214999999999994
579,16059,0.33515
580,16061,0.35995000000000005
581,16063,0.37495000000000006
582,16065,0.35379999999999995
583,16067,0.39795
584,16069,0.3811
585,16071,0.34905
586,16073,0.4094
587,16075,0.36219999999999997
588,16077,0.3762
589,16079,0.36829999999999996
590,16081,0.30185
591,16083,0.35650000000000004
592,16085,0.32715000000000005
593,16087,0.38349999999999995
594,17001,0.34974999999999995
595,17003,0.45114999999999994
596,17005,0.36625
597,17007,0.36284999999999995
598,17009,0.38975000000000004
599,17011,0.363
600,17013,0.36200000000000004
601,17015,0.36955
602,17017,0.3893
603,17019,0.34275
604,17021,0.37879999999999997
605,17023,0.38955
606,17025,0.37995000000000007
607,17027,0.37375
608,17029,0.3734
609,17031,0.34265
610,17033,0.38604999999999995
611,17035,0.36849999999999994
612,17037,0.3566
613,17039,0.3825
614,17041,0.39125
615,17043,0.3066
616,17045,0.38955
617,17047,0.37489999999999996
618,17049,0.33945000000000003
619,17051,0.3917
620,17053,0.3861
621,17055,0.38655
622,17057,0.39185000000000003
623,17059,0.41375
624,17061,0.3801
625,17063,0.3715
626,17065,0.39644999999999997
627,17067,0.34535
628,17069,0.4042
629,17071,0.37829999999999997
630,17073,0.3626
631,17075,0.38215000000000005
632,17077,0.37835
633,17079,0.36845
634,17081,0.3813500000000001
635,17083,0.36144999999999994
636,17085,0.34735
637,17087,0.39454999999999996
638,17089,0.3667
639,17091,0.41765
640,17093,0.34269999999999995
641,17095,0.39
642,17097,0.30479999999999996
643,17099,0.3657
644,17101,0.4117
645,17103,0.3570999999999999
646,17105,0.3945
647,17107,0.40480000000000005
648,17109,0.36015
649,17111,0.32989999999999997
650,17113,0.35719999999999996
651,17115,0.3942
652,17117,0.38965000000000005
653,17119,0.36615
654,17121,0.39495
655,17123,0.36460000000000004
656,17125,0.3859
657,17127,0.39815
658,17129,0.37695
659,17131,0.37515
660,17133,0.35534999999999994
661,17135,0.37689999999999996
662,17137,0.38355000000000006
663,17139,0.39485
664,17141,0.36090000000000005
665,17143,0.35465
666,17145,0.39590000000000003
667,17147,0.3592
668,17149,0.36705
669,17151,0.3807
670,17153,0.433
671,17155,0.37075
672,17157,0.40525
673,17159,0.37805
674,17161,0.36284999999999995
675,17163,0.3942
676,17165,0.39885
677,17167,0.3627500000000001
678,17169,0.3718
679,17171,0.36615
680,17173,0.3678
681,17175,0.37355000000000005
682,17177,0.37004999999999993
683,17179,0.35885
684,17181,0.39344999999999997
685,17183,0.39390000000000003
686,17185,0.38295
687,17187,0.37765
688,17189,0.38049999999999995
689,17191,0.40135000000000004
690,17193,0.39515
691,17195,0.35674999999999996
692,17197,0.3741
693,17199,0.37675
694,17201,0.36985
695,17203,0.35109999999999997
696,18001,0.38965000000000005
697,18003,0.39260000000000006
698,18005,0.3558
699,18007,0.365
700,18009,0.39575000000000005
701,18011,0.3289
702,18013,0.35795
703,18015,0.38234999999999997
704,18017,0.40935000000000005
705,18019,0.37754999999999994
706,18021,0.4089
707,18023,0.39385
708,18025,0.39925
709,18027,0.41555
710,18029,0.37135000000000007
711,18031,0.3751
712,18033,0.36560000000000004
713,18035,0.40335
714,18037,0.3668
715,18039,0.3746
716,18041,0.42034999999999995
717,18043,0.3604
718,18045,0.37534999999999996
719,18047,0.3661
720,18049,0.39299999999999996
721,18051,0.3716
722,18053,0.39615
723,18055,0.3796
724,18057,0.2833
725,18059,0.35515
726,18061,0.37295
727,18063,0.3679
728,18065,0.40045000000000003
729,18067,0.4011
730,18069,0.4109999999999999
731,18071,0.3667
732,18073,0.3834
733,18075,0.408
734,18077,0.37805
735,18079,0.37644999999999995
736,18081,0.36060000000000003
737,18083,0.38555
738,18085,0.37655
739,18087,0.4264
740,18089,0.4147
741,18091,0.40349999999999997
742,18093,0.37784999999999996
743,18095,0.42845
744,18097,0.37709999999999994
745,18099,0.37394999999999995
746,18101,0.38985
747,18103,0.40674999999999994
748,18105,0.3234
749,18107,0.38015
750,18109,0.3831
751,18111,0.40380000000000005
752,18113,0.38715000000000005
753,18115,0.37405
754,18117,0.39405
755,18119,0.397
756,18121,0.40909999999999996
757,18123,0.3837
758,18125,0.38965000000000005
759,18127,0.36840000000000006
760,18129,0.3741
761,18131,0.39299999999999996
762,18133,0.3932
763,18135,0.40055
764,18137,0.3665
765,18139,0.38065
766,18141,0.3747499999999999
767,18143,0.39685000000000004
768,18145,0.38965000000000005
769,18147,0.37085
770,18149,0.41625
771,18151,0.37805
772,18153,0.4031
773,18155,0.40245
774,18157,0.3392
775,18159,0.36959999999999993
776,18161,0.36200000000000004
777,18163,0.37735
778,18165,0.38004999999999994
779,18167,0.39075000000000004
780,18169,0.40564999999999996
781,18171,0.3787
782,18173,0.3534999999999999
783,18175,0.38620000000000004
784,18177,0.379
785,18179,0.38
786,18181,0.38870000000000005
787,18183,0.39415
788,19001,0.35635000000000006
789,19003,0.3648
790,19005,0.35724999999999996
791,19007,0.37695
792,19009,0.37790000000000007
793,19011,0.38254999999999995
794,19013,0.364
795,19015,0.38615
796,19017,0.3392
797,19019,0.37060000000000004
798,19021,0.37435
799,19023,0.34745000000000004
800,19025,0.3611
801,19027,0.36695
802,19029,0.38415
803,19031,0.385
804,19033,0.34495000000000003
805,19035,0.3557
806,19037,0.35989999999999994
807,19039,0.37784999999999996
808,19041,0.34380000000000005
809,19043,0.36060000000000003
810,19045,0.3702500000000001
811,19047,0.38620000000000004
812,19049,0.36724999999999997
813,19051,0.3786
814,19053,0.3613
815,19055,0.3789
816,19057,0.37985
817,19059,0.33715000000000006
818,19061,0.3431
819,19063,0.3736
820,19065,0.38345
821,19067,0.35100000000000003
822,19069,0.38335
823,19071,0.37935
824,19073,0.38795
825,19075,0.35090000000000005
826,19077,0.36265000000000003
827,19079,0.36945
828,19081,0.36284999999999995
829,19083,0.36769999999999997
830,19085,0.37394999999999995
831,19087,0.36474999999999996
832,19089,0.36534999999999995
833,19091,0.37185
834,19093,0.35810000000000003
835,19095,0.3752500000000001
836,19097,0.36995
837,19099,0.39535
838,19101,0.34049999999999997
839,19103,0.2622
840,19105,0.36310000000000003
841,19107,0.36585
842,19109,0.35795
843,19111,0.3807
844,19113,0.3574
845,19115,0.41200000000000003
846,19117,0.3892
847,19119,0.34814999999999996
848,19121,0.35955
849,19123,0.36595
850,19125,0.3715
851,19127,0.39244999999999997
852,19129,0.3579
853,19131,0.36474999999999996
854,19133,0.3593
855,19135,0.3657
856,19137,0.38004999999999994
857,19139,0.41715
858,19141,0.3558
859,19143,0.37205
860,19145,0.37825000000000003
861,19147,0.3822499999999999
862,19149,0.3728
863,19151,0.35195
864,19153,0.35655000000000003
865,19155,0.38085
866,19157,0.3667
867,19159,0.35129999999999995
868,19161,0.35960000000000003
869,19163,0.35564999999999997
870,19165,0.37445
871,19167,0.3544
872,19169,0.34465
873,19171,0.3789
874,19173,0.3503
875,19175,0.35235
876,19177,0.3716
877,19179,0.36845
878,19181,0.38885000000000003
879,19183,0.37775
880,19185,0.3677500000000001
881,19187,0.37435
882,19189,0.34905
883,19191,0.33795000000000003
884,19193,0.37925
885,19195,0.37455
886,19197,0.3763
887,20001,0.40765
888,20003,0.39655
889,20005,0.40620000000000006
890,20007,0.36645000000000005
891,20009,0.3979000000000001
892,20011,0.40370000000000006
893,20013,0.3712
894,20015,0.38055000000000005
895,20017,0.37939999999999996
896,20019,0.3892
897,20021,0.4144
898,20023,0.34395
899,20025,0.35975
900,20027,0.3582
901,20029,0.37024999999999997
902,20031,0.36920000000000003
903,20033,0.37105
904,20035,0.39995
905,20037,0.39855
906,20039,0.34345
907,20041,0.38254999999999995
908,20043,0.3924
909,20045,0.322
910,20047,0.37534999999999996
911,20049,0.3801
912,20051,0.3497
913,20053,0.3698
914,20055,0.39175
915,20057,0.4144
916,20059,0.38870000000000005
917,20061,0.36894999999999994
918,20063,0.33759999999999996
919,20065,0.3508
920,20067,0.3772
921,20069,0.41135
922,20071,0.3544
923,20073,0.36460000000000004
924,20075,0.35695
925,20077,0.38435
926,20079,0.38
927,20081,0.40314999999999995
928,20083,0.36805
929,20085,0.37370000000000003
930,20087,0.37754999999999994
931,20089,0.35445
932,20091,0.2988
933,20093,0.3824
934,20095,0.38739999999999997
935,20097,0.35534999999999994
936,20099,0.39885
937,20101,0.36985
938,20103,0.38095
939,20105,0.3653
940,20107,0.39114999999999994
941,20109,0.33715000000000006
942,20111,0.38745000000000007
943,20113,0.38165000000000004
944,20115,0.38644999999999996
945,20117,0.36060000000000003
946,20119,0.36875
947,20121,0.37925
948,20123,0.36534999999999995
949,20125,0.38655
950,20127,0.36225
951,20129,0.34305
952,20131,0.34409999999999996
953,20133,0.39215000000000005
954,20135,0.35674999999999996
955,20137,0.35664999999999997
956,20139,0.39715000000000006
957,20141,0.35719999999999996
958,20143,0.36965000000000003
959,20145,0.36829999999999996
960,20147,0.35455
961,20149,0.36524999999999996
962,20151,0.36674999999999996
963,20153,0.35685
964,20155,0.3788
965,20157,0.33990000000000004
966,20159,0.36615
967,20161,0.32549999999999996
968,20163,0.34985
969,20165,0.37015
970,20167,0.3666500000000001
971,20169,0.39370000000000005
972,20171,0.37450000000000006
973,20173,0.3693
974,20175,0.40395
975,20177,0.38844999999999996
976,20179,0.34489999999999993
977,20181,0.3643
978,20183,0.34864999999999996
979,20185,0.37675
980,20187,0.39715000000000006
981,20189,0.36489999999999995
982,20191,0.40535
983,20193,0.35505000000000003
984,20195,0.3604
985,20197,0.3631999999999999
986,20199,0.36784999999999995
987,20201,0.3625
988,20203,0.36685
989,20205,0.3909
990,20207,0.3689
991,20209,0.45599999999999996
992,21001,0.42064999999999997
993,21003,0.40165
994,21005,0.3747
995,21007,0.3814
996,21009,0.3704
997,21011,0.42455
998,21013,0.4243
999,21015,0.35235
1000,21017,0.40364999999999995
1001,21019,0.39235
1002,21021,0.3558
1003,21023,0.40629999999999994
1004,21025,0.4729
1005,21027,0.39260000000000006
1006,21029,0.40175
1007,21031,0.4167
1008,21033,0.39879999999999993
1009,21035,0.35015
1010,21037,0.3641500000000001
1011,21039,0.3811
1012,21041,0.4164
1013,21043,0.41625
1014,21045,0.43695
1015,21047,0.4053
1016,21049,0.37985
1017,21051,0.45455
1018,21053,0.44425
1019,21055,0.42155000000000004
1020,21057,0.41795000000000004
1021,21059,0.36205
1022,21061,0.39019999999999994
1023,21063,0.41519999999999996
1024,21065,0.41430000000000006
1025,21067,0.32475000000000004
1026,21069,0.41245
1027,21071,0.45575000000000004
1028,21073,0.3909
1029,21075,0.43784999999999996
1030,21077,0.41485
1031,21079,0.4036
1032,21081,0.39625
1033,21083,0.39065
1034,21085,0.41150000000000003
1035,21087,0.402
1036,21089,0.42805
1037,21091,0.3582
1038,21093,0.35960000000000003
1039,21095,0.42950000000000005
1040,21097,0.39685000000000004
1041,21099,0.4292
1042,21101,0.39285
1043,21103,0.40064999999999995
1044,21105,0.41240000000000004
1045,21107,0.39905
1046,21109,0.4508
1047,21111,0.37045
1048,21113,0.3553
1049,21115,0.45224999999999993
1050,21117,0.37335
1051,21119,0.46370000000000006
1052,21121,0.42385000000000006
1053,21123,0.3865
1054,21125,0.4004
1055,21127,0.43655
1056,21129,0.4464
1057,21131,0.44825000000000004
1058,21133,0.44425
1059,21135,0.45840000000000003
1060,21137,0.42900000000000005
1061,21139,0.3972
1062,21141,0.39875
1063,21143,0.389
1064,21145,0.35414999999999996
1065,21147,0.4078
1066,21149,0.40364999999999995
1067,21151,0.3715
1068,21153,0.44870000000000004
1069,21155,0.37525
1070,21157,0.36685
1071,21159,0.46795000000000003
1072,21161,0.3895
1073,21163,0.39
1074,21165,0.43565
1075,21167,0.37849999999999995
1076,21169,0.4262
1077,21171,0.40120000000000006
1078,21173,0.39735
1079,21175,0.4266
1080,21177,0.40655
1081,21179,0.37715000000000004
1082,21181,0.41635000000000005
1083,21183,0.40480000000000005
1084,21185,0.33769999999999994
1085,21187,0.38799999999999996
1086,21189,0.4993
1087,21191,0.39390000000000003
1088,21193,0.43815
1089,21195,0.42135000000000006
1090,21197,0.42260000000000003
1091,21199,0.37620000000000003
1092,21201,0.42760000000000004
1093,21203,0.4389
1094,21205,0.38644999999999996
1095,21207,0.39775
1096,21209,0.3906
1097,21211,0.38725000000000004
1098,21213,0.37810000000000005
1099,21215,0.37120000000000003
1100,21217,0.3881
1101,21219,0.41600000000000004
1102,21221,0.39505
1103,21223,0.39454999999999996
1104,21225,0.4118
1105,21227,0.35284999999999994
1106,21229,0.37805
1107,21231,0.41284999999999994
1108,21233,0.4188
1109,21235,0.39655
1110,21237,0.4771
1111,21239,0.35905000000000004
1112,22001,0.40185000000000004
1113,22003,0.45280000000000004
1114,22005,0.3856
1115,22007,0.44595
1116,22009,0.4565000000000001
1117,22011,0.409
1118,22013,0.4372
1119,22015,0.3827
1120,22017,0.39899999999999997
1121,22019,0.4058
1122,22021,0.40765
1123,22023,0.41235
1124,22025,0.4474
1125,22027,0.44435
1126,22029,0.4515
1127,22031,0.4471
1128,22033,0.3868
1129,22035,0.5277000000000001
1130,22037,0.41705
1131,22039,0.43945
1132,22041,0.4514
1133,22043,0.4122
1134,22045,0.41165000000000007
1135,22047,0.44625
1136,22049,0.4144
1137,22051,0.39370000000000005
1138,22053,0.43765
1139,22055,0.3528
1140,22057,0.4462
1141,22059,0.40735
1142,22061,0.40355
1143,22063,0.40314999999999995
1144,22065,0.48230000000000006
1145,22067,0.45494999999999997
1146,22069,0.4497
1147,22071,0.3811
1148,22073,0.40475
1149,22075,0.41135000000000005
1150,22077,0.4355
1151,22079,0.41335
1152,22081,0.46365
1153,22083,0.46965
1154,22085,0.4411
1155,22087,0.3868
1156,22089,0.42255
1157,22091,0.44675
1158,22093,0.43510000000000004
1159,22095,0.45135
1160,22097,0.4411
1161,22099,0.4299
1162,22101,0.44715000000000005
1163,22103,0.35730000000000006
1164,22105,0.4353
1165,22107,0.46769999999999995
1166,22109,0.45099999999999996
1167,22111,0.44239999999999996
1168,22113,0.4056
1169,22115,0.41965
1170,22117,0.45075000000000004
1171,22119,0.43005000000000004
1172,22121,0.40989999999999993
1173,22123,0.45230000000000004
1174,22125,0.43
1175,22127,0.4268
1176,23001,0.3754
1177,23003,0.39724999999999994
1178,23005,0.28
1179,23007,0.3601
1180,23009,0.31875
1181,23011,0.34700000000000003
1182,23013,0.305
1183,23015,0.29495
1184,23017,0.36060000000000003
1185,23019,0.37915000000000004
1186,23021,0.38504999999999995
1187,23023,0.32205
1188,23025,0.40575000000000006
1189,23027,0.34954999999999997
1190,23029,0.38695
1191,23031,0.3249
1192,24001,0.3852
1193,24003,0.34850000000000003
1194,24005,0.34875
1195,24009,0.3724
1196,24011,0.42215
1197,24013,0.36455
1198,24015,0.38789999999999997
1199,24017,0.40084999999999993
1200,24019,0.43784999999999996
1201,24021,0.3379
1202,24023,0.387
1203,24025,0.3648
1204,24027,0.29585
1205,24029,0.3689
1206,24031,0.2516
1207,24033,0.40735
1208,24035,0.35615
1209,24037,0.37829999999999997
1210,24039,0.47195
1211,24041,0.34980000000000006
1212,24043,0.38614999999999994
1213,24045,0.4056
1214,24047,0.39380000000000004
1215,24510,0.40754999999999997
1216,25001,0.25925
1217,25003,0.29774999999999996
1218,25005,0.36195
1219,25007,0.2722
1220,25009,0.3188
1221,25011,0.2948
1222,25013,0.36635000000000006
1223,25015,0.28525
1224,25017,0.3017
1225,25019,0.2859
1226,25021,0.26575
1227,25023,0.32170000000000004
1228,25025,0.2955
1229,25027,0.32549999999999996
1230,26001,0.38685
1231,26003,0.38095
1232,26005,0.3773
1233,26007,0.36920000000000003
1234,26009,0.35519999999999996
1235,26011,0.42105000000000004
1236,26013,0.3921
1237,26015,0.4061
1238,26017,0.4122
1239,26019,0.34290000000000004
1240,26021,0.39725
1241,26023,0.40739999999999993
1242,26025,0.42200000000000004
1243,26027,0.38185
1244,26029,0.33840000000000003
1245,26031,0.39325000000000004
1246,26033,0.39744999999999997
1247,26035,0.3979000000000001
1248,26037,0.38945
1249,26039,0.38439999999999996
1250,26041,0.37985
1251,26043,0.34340000000000004
1252,26045,0.4032
1253,26047,0.3421
1254,26049,0.43665
1255,26051,0.40950000000000003
1256,26053,0.34924999999999995
1257,26055,0.33144999999999997
1258,26057,0.43170000000000003
1259,26059,0.4014
1260,26061,0.3357
1261,26063,0.38055
1262,26065,0.3718
1263,26067,0.42450000000000004
1264,26069,0.4036
1265,26071,0.35775
1266,26073,0.39925
1267,26075,0.41105
1268,26077,0.36274999999999996
1269,26079,0.3722
1270,26081,0.36855000000000004
1271,26083,0.32695
1272,26085,0.43265
1273,26087,0.39715000000000006
1274,26089,0.3263
1275,26091,0.39045
1276,26093,0.3415000000000001
1277,26095,0.3864
1278,26097,0.37894999999999995
1279,26099,0.3711499999999999
1280,26101,0.35575
1281,26103,0.36064999999999997
1282,26105,0.37705
1283,26107,0.38505
1284,26109,0.385
1285,26111,0.37620000000000003
1286,26113,0.3914
1287,26115,0.4164
1288,26117,0.4022
1289,26119,0.3914
1290,26121,0.40454999999999997
1291,26123,0.40555
1292,26125,0.32289999999999996
1293,26127,0.41395
1294,26129,0.3974
1295,26131,0.33685000000000004
1296,26133,0.39730000000000004
1297,26135,0.40725
1298,26137,0.3504
1299,26139,0.3379
1300,26141,0.39435000000000003
1301,26143,0.3949
1302,26145,0.4485
1303,26147,0.38275000000000003
1304,26149,0.39454999999999996
1305,26151,0.39724999999999994
1306,26153,0.3778
1307,26155,0.41085
1308,26157,0.4086
1309,26159,0.38239999999999996
1310,26161,0.28295000000000003
1311,26163,0.41290000000000004
1312,26165,0.37329999999999997
1313,27001,0.36034999999999995
1314,27003,0.3665
1315,27005,0.3553
1316,27007,0.36205
1317,27009,0.35974999999999996
1318,27011,0.35545000000000004
1319,27013,0.33965
1320,27015,0.36329999999999996
1321,27017,0.3591500000000001
1322,27019,0.3359
1323,27021,0.36260000000000003
1324,27023,0.37079999999999996
1325,27025,0.3479
1326,27027,0.37855000000000005
1327,27029,0.3785
1328,27031,0.34085
1329,27033,0.3569
1330,27035,0.33845
1331,27037,0.3309
1332,27039,0.39870000000000005
1333,27041,0.33299999999999996
1334,27043,0.36465000000000003
1335,27045,0.36840000000000006
1336,27047,0.37675
1337,27049,0.36920000000000003
1338,27051,0.3575
1339,27053,0.29414999999999997
1340,27055,0.34159999999999996
1341,27057,0.35614999999999997
1342,27059,0.35445
1343,27061,0.3417
1344,27063,0.35414999999999996
1345,27065,0.36835
1346,27067,0.3569
1347,27069,0.35370000000000007
1348,27071,0.35995000000000005
1349,27073,0.33925
1350,27075,0.34740000000000004
1351,27077,0.36435
1352,27079,0.3728
1353,27081,0.34895
1354,27083,0.34974999999999995
1355,27085,0.37394999999999995
1356,27087,0.41609999999999997
1357,27089,0.37965000000000004
1358,27091,0.35295000000000004
1359,27093,0.37875
1360,27095,0.36210000000000003
1361,27097,0.36469999999999997
1362,27099,0.38689999999999997
1363,27101,0.34620000000000006
1364,27103,0.35655000000000003
1365,27105,0.35465
1366,27107,0.36415
1367,27109,0.29035
1368,27111,0.3553
1369,27113,0.36129999999999995
1370,27115,0.3775
1371,27117,0.36974999999999997
1372,27119,0.36725
1373,27121,0.34665
1374,27123,0.30995
1375,27125,0.36310000000000003
1376,27127,0.3656999999999999
1377,27129,0.3796
1378,27131,0.35765
1379,27133,0.35619999999999996
1380,27135,0.36674999999999996
1381,27137,0.34165
1382,27139,0.33299999999999996
1383,27141,0.36239999999999994
1384,27143,0.38659999999999994
1385,27145,0.34375
1386,27147,0.358
1387,27149,0.34564999999999996
1388,27151,0.3664
1389,27153,0.37459999999999993
1390,27155,0.37245000000000006
1391,27157,0.37935
1392,27159,0.37115000000000004
1393,27161,0.37424999999999997
1394,27163,0.31355
1395,27165,0.38205
1396,27167,0.37620000000000003
1397,27169,0.38525
1398,27171,0.35359999999999997
1399,27173,0.34909999999999997
1400,28001,0.44170000000000004
1401,28003,0.37355000000000005
1402,28005,0.45545
1403,28007,0.4538
1404,28009,0.4618
1405,28011,0.44984999999999997
1406,28013,0.43245000000000006
1407,28015,0.40509999999999996
1408,28017,0.42955
1409,28019,0.40825
1410,28021,0.46525000000000005
1411,28023,0.42185
1412,28025,0.4242
1413,28027,0.48664999999999997
1414,28029,0.44185
1415,28031,0.44484999999999997
1416,28033,0.38689999999999997
1417,28035,0.40204999999999996
1418,28037,0.45485
1419,28039,0.418
1420,28041,0.46295000000000003
1421,28043,0.42599999999999993
1422,28045,0.4029
1423,28047,0.40480000000000005
1424,28049,0.41455
1425,28051,0.49510000000000004
1426,28053,0.51625
1427,28055,0.5298
1428,28057,0.3912
1429,28059,0.40269999999999995
1430,28061,0.46665
1431,28063,0.4959
1432,28065,0.4533
1433,28067,0.4362
1434,28069,0.46
1435,28071,0.382
1436,28073,0.3851
1437,28075,0.41185000000000005
1438,28077,0.41085
1439,28079,0.42969999999999997
1440,28081,0.36950000000000005
1441,28083,0.48245
1442,28085,0.43945
1443,28087,0.41174999999999995
1444,28089,0.35225
1445,28091,0.4416
1446,28093,0.4755
1447,28095,0.40615
1448,28097,0.44004999999999994
1449,28099,0.42015
1450,28101,0.41405000000000003
1451,28103,0.4961
1452,28105,0.37925
1453,28107,0.4321
1454,28109,0.40285
1455,28111,0.43239999999999995
1456,28113,0.4477
1457,28115,0.40704999999999997
1458,28117,0.40379999999999994
1459,28119,0.50765
1460,28121,0.37379999999999997
1461,28123,0.46485
1462,28125,0.48650000000000004
1463,28127,0.42349999999999993
1464,28129,0.4366
1465,28131,0.41745000000000004
1466,28133,0.5018
1467,28135,0.48885000000000006
1468,28137,0.41054999999999997
1469,28139,0.41840000000000005
1470,28141,0.35969999999999996
1471,28143,0.49420000000000003
1472,28145,0.40995000000000004
1473,28147,0.46590000000000004
1474,28149,0.42995000000000005
1475,28151,0.46625
1476,28153,0.45370000000000005
1477,28155,0.39605
1478,28157,0.47870000000000007
1479,28159,0.41295000000000004
1480,28161,0.42745000000000005
1481,28163,0.47129999999999994
1482,29001,0.3665
1483,29003,0.38165
1484,29005,0.3773
1485,29007,0.40259999999999996
1486,29009,0.36125
1487,29011,0.38805
1488,29013,0.40549999999999997
1489,29015,0.39224999999999993
1490,29017,0.40159999999999996
1491,29019,0.31880000000000003
1492,29021,0.4217
1493,29023,0.41019999999999995
1494,29025,0.38484999999999997
1495,29027,0.38475000000000004
1496,29029,0.3482
1497,29031,0.3543
1498,29033,0.38685
1499,29035,0.41495
1500,29037,0.39825000000000005
1501,29039,0.38705
1502,29041,0.3914
1503,29043,0.3362
1504,29045,0.3686499999999999
1505,29047,0.37450000000000006
1506,29049,0.40125
1507,29051,0.34855
1508,29053,0.3812
1509,29055,0.41615
1510,29057,0.38565
1511,29059,0.4076000000000001
1512,29061,0.37685
1513,29063,0.40055
1514,29065,0.4019
1515,29067,0.39985
1516,29069,0.46055
1517,29071,0.38670000000000004
1518,29073,0.38364999999999994
1519,29075,0.37575000000000003
1520,29077,0.35150000000000003
1521,29079,0.37665
1522,29081,0.3822499999999999
1523,29083,0.39215000000000005
1524,29085,0.3934
1525,29087,0.36695
1526,29089,0.3913
1527,29091,0.37534999999999996
1528,29093,0.42010000000000003
1529,29095,0.39405
1530,29097,0.3882
1531,29099,0.38875
1532,29101,0.39325000000000004
1533,29103,0.3701
1534,29105,0.39144999999999996
1535,29107,0.3795
1536,29109,0.375
1537,29111,0.37565
1538,29113,0.40454999999999997
1539,29115,0.3675
1540,29117,0.3693
1541,29119,0.3982
1542,29121,0.3795
1543,29123,0.41485
1544,29125,0.40454999999999997
1545,29127,0.37254999999999994
1546,29129,0.3682
1547,29131,0.3884
1548,29133,0.46215000000000006
1549,29135,0.3886
1550,29137,0.3809
1551,29139,0.4069
1552,29141,0.38425
1553,29143,0.4385
1554,29145,0.37665
1555,29147,0.37310000000000004
1556,29149,0.4086
1557,29151,0.3628
1558,29153,0.39245
1559,29155,0.47204999999999997
1560,29157,0.39019999999999994
1561,29159,0.39230000000000004
1562,29161,0.36725
1563,29163,0.41534999999999994
1564,29165,0.35595
1565,29167,0.40590000000000004
1566,29169,0.37274999999999997
1567,29171,0.37235
1568,29173,0.37370000000000003
1569,29175,0.4032
1570,29177,0.39844999999999997
1571,29179,0.4208
1572,29181,0.4292
1573,29183,0.3611
1574,29185,0.38815
1575,29186,0.39099999999999996
1576,29187,0.40700000000000003
1577,29189,0.34864999999999996
1578,29195,0.40159999999999996
1579,29197,0.37095
1580,29199,0.39125
1581,29201,0.41155
1582,29203,0.4096
1583,29205,0.36504999999999993
1584,29207,0.4096
1585,29209,0.36655
1586,29211,0.3773
1587,29213,0.35805
1588,29215,0.3985
1589,29217,0.3852
1590,29219,0.39594999999999997
1591,29221,0.4531
1592,29223,0.42239999999999994
1593,29225,0.3839
1594,29227,0.37650000000000006
1595,29229,0.42015
1596,29510,0.40625
1597,30001,0.30825
1598,30003,0.43224999999999997
1599,30005,0.41859999999999997
1600,30007,0.30135
1601,30009,0.33094999999999997
1602,30011,0.36329999999999996
1603,30013,0.3467
1604,30015,0.38355000000000006
1605,30017,0.3526
1606,30019,0.30795
1607,30021,0.35609999999999997
1608,30023,0.33175
1609,30025,0.35564999999999997
1610,30027,0.3329000000000001
1611,30029,0.28775
1612,30031,0.24
1613,30033,0.3714
1614,30035,0.42005000000000003
1615,30037,0.3669
1616,30039,0.31560000000000005
1617,30041,0.40035
1618,30043,0.28655
1619,30045,0.348
1620,30047,0.33480000000000004
1621,30049,0.29945
1622,30051,0.40564999999999996
1623,30053,0.3273
1624,30055,0.34635
1625,30057,0.28550000000000003
1626,30059,0.34334999999999993
1627,30061,0.34630000000000005
1628,30063,0.27445
1629,30065,0.35235
1630,30067,0.282
1631,30069,0.35615
1632,30071,0.3497
1633,30073,0.38265
1634,30075,0.3711499999999999
1635,30077,0.3214
1636,30079,0.36995000000000006
1637,30081,0.2769
1638,30083,0.3643
1639,30085,0.40935000000000005
1640,30087,0.40895
1641,30089,0.3256
1642,30091,0.35145
1643,30093,0.31355
1644,30095,0.32375
1645,30097,0.32275
1646,30099,0.34935000000000005
1647,30101,0.3661
1648,30103,0.30625
1649,30105,0.34265
1650,30107,0.36274999999999996
1651,30109,0.38144999999999996
1652,30111,0.34090000000000004
1653,31001,0.3612
1654,31003,0.3542
1655,31005,0.34615
1656,31007,0.36845
1657,31009,0.3471
1658,31011,0.34395
1659,31013,0.37560000000000004
1660,31015,0.34135000000000004
1661,31017,0.3508
1662,31019,0.35924999999999996
1663,31021,0.34804999999999997
1664,31023,0.3766
1665,31025,0.3675
1666,31027,0.35215
1667,31029,0.348
1668,31031,0.34519999999999995
1669,31033,0.3385
1670,31035,0.36519999999999997
1671,31037,0.40490000000000004
1672,31039,0.36085
1673,31041,0.3637
1674,31043,0.4212
1675,31045,0.35955
1676,31047,0.40840000000000004
1677,31049,0.32355000000000006
1678,31051,0.37284999999999996
1679,31053,0.37235
1680,31055,0.36085
1681,31057,0.30675
1682,31059,0.35950000000000004
1683,31061,0.34480000000000005
1684,31063,0.36485
1685,31065,0.36534999999999995
1686,31067,0.39735
1687,31069,0.3439
1688,31071,0.34010000000000007
1689,31073,0.35114999999999996
1690,31075,0.3518
1691,31077,0.35885000000000006
1692,31079,0.39485
1693,31081,0.36005000000000004
1694,31083,0.35009999999999997
1695,31085,0.37825000000000003
1696,31087,0.36545
1697,31089,0.34340000000000004
1698,31091,0.3379
1699,31093,0.36915
1700,31095,0.38025000000000003
1701,31097,0.39269999999999994
1702,31099,0.3557
1703,31101,0.36385000000000006
1704,31103,0.3642
1705,31105,0.32805
1706,31107,0.36095
1707,31109,0.34105
1708,31111,0.39629999999999993
1709,31113,0.35900000000000004
1710,31115,0.3599
1711,31117,0.3728
1712,31119,0.36260000000000003
1713,31121,0.3682
1714,31123,0.3774
1715,31125,0.36424999999999996
1716,31127,0.3618
1717,31129,0.33394999999999997
1718,31131,0.4006
1719,31133,0.34814999999999996
1720,31135,0.34935000000000005
1721,31137,0.349
1722,31139,0.326
1723,31141,0.3645999999999999
1724,31143,0.3544
1725,31145,0.34010000000000007
1726,31147,0.35505000000000003
1727,31149,0.33494999999999997
1728,31151,0.39644999999999997
1729,31153,0.3603
1730,31155,0.3761
1731,31157,0.39835
1732,31159,0.35715
1733,31161,0.34375
1734,31163,0.36719999999999997
1735,31165,0.3425
1736,31167,0.35850000000000004
1737,31169,0.3628
1738,31171,0.35350000000000004
1739,31173,0.42545
1740,31175,0.3315000000000001
1741,31177,0.36719999999999997
1742,31179,0.35185
1743,31181,0.3619
1744,31183,0.34519999999999995
1745,31185,0.39205
1746,32001,0.3655
1747,32003,0.32815
1748,32005,0.29045000000000004
1749,32007,0.38599999999999995
1750,32009,0.38205
1751,32011,0.34729999999999994
1752,32013,0.3739
1753,32015,0.40950000000000003
1754,32017,0.34845
1755,32019,0.38230000000000003
1756,32021,0.38870000000000005
1757,32023,0.39185000000000003
1758,32027,0.37284999999999996
1759,32029,0.32410000000000005
1760,32031,0.29215
1761,32033,0.36135
1762,32510,0.30674999999999997
1763,33001,0.3446
1764,33003,0.3009
1765,33005,0.33075000000000004
1766,33007,0.3711
1767,33009,0.30465
1768,33011,0.33735
1769,33013,0.32915
1770,33015,0.31735
1771,33017,0.3556
1772,33019,0.34485
1773,34001,0.35455
1774,34003,0.26990000000000003
1775,34005,0.34604999999999997
1776,34007,0.35790000000000005
1777,34009,0.3558
1778,34011,0.41424999999999995
1779,34013,0.34845
1780,34015,0.36225
1781,34017,0.33365
1782,34019,0.26375
1783,34021,0.32625
1784,34023,0.30065
1785,34025,0.3066
1786,34027,0.27545000000000003
1787,34029,0.35555
1788,34031,0.34235
1789,34033,0.41200000000000003
1790,34035,0.27735
1791,34037,0.32765
1792,34039,0.32435
1793,34041,0.34754999999999997
1794,35001,0.2909
1795,35003,0.36045
1796,35005,0.3957
1797,35006,0.39715000000000006
1798,35007,0.32614999999999994
1799,35009,0.3825
1800,35011,0.3859
1801,35013,0.3795
1802,35015,0.39185000000000003
1803,35017,0.33504999999999996
1804,35019,0.35085
1805,35021,0.34355
1806,35023,0.36519999999999997
1807,35025,0.4189
1808,35027,0.32195
1809,35028,0.22605
1810,35029,0.39740000000000003
1811,35031,0.4288
1812,35033,0.29359999999999997
1813,35035,0.36595
1814,35037,0.3863
1815,35039,0.33525
1816,35041,0.3972
1817,35043,0.31535
1818,35045,0.37505000000000005
1819,35047,0.3195
1820,35049,0.223
1821,35051,0.35205
1822,35053,0.36519999999999997
1823,35055,0.29345
1824,35057,0.33335000000000004
1825,35059,0.35359999999999997
1826,35061,0.3697
1827,36001,0.33020000000000005
1828,36003,0.3789
1829,36005,0.37379999999999997
1830,36007,0.3528
1831,36009,0.38484999999999997
1832,36011,0.37335
1833,36013,0.38
1834,36015,0.37900000000000006
1835,36017,0.3773
1836,36019,0.35195
1837,36021,0.34735
1838,36023,0.36034999999999995
1839,36025,0.36155000000000004
1840,36027,0.32925
1841,36029,0.36215
1842,36031,0.33785
1843,36033,0.39019999999999994
1844,36035,0.37424999999999997
1845,36037,0.3813500000000001
1846,36039,0.36790000000000006
1847,36041,0.3578
1848,36043,0.3801
1849,36045,0.39459999999999995
1850,36047,0.3285
1851,36049,0.38455
1852,36051,0.38835000000000003
1853,36053,0.36795
1854,36055,0.37439999999999996
1855,36057,0.38835000000000003
1856,36059,0.2953
1857,36061,0.2225
1858,36063,0.3887
1859,36065,0.35765
1860,36067,0.3617
1861,36069,0.36005000000000004
1862,36071,0.36114999999999997
1863,36073,0.413
1864,36075,0.40125
1865,36077,0.3471
1866,36079,0.32525
1867,36081,0.29964999999999997
1868,36083,0.34475
1869,36085,0.29825
1870,36087,0.32055
1871,36089,0.39605
1872,36091,0.3264
1873,36093,0.35100000000000003
1874,36095,0.36765000000000003
1875,36097,0.35945
1876,36099,0.3883
1877,36101,0.37725000000000003
1878,36103,0.32854999999999995
1879,36105,0.37129999999999996
1880,36107,0.37765
1881,36109,0.3086
1882,36111,0.3528
1883,36113,0.33244999999999997
1884,36115,0.3611
1885,36117,0.38989999999999997
1886,36119,0.2627
1887,36121,0.3825
1888,36123,0.37215000000000004
1889,37001,0.39189999999999997
1890,37003,0.38060000000000005
1891,37005,0.3711499999999999
1892,37007,0.42555
1893,37009,0.3346
1894,37011,0.35370000000000007
1895,37013,0.44325000000000003
1896,37015,0.47805
1897,37017,0.46755
1898,37019,0.38215000000000005
1899,37021,0.29885
1900,37023,0.36385
1901,37025,0.36695
1902,37027,0.37665
1903,37029,0.377
1904,37031,0.35405000000000003
1905,37033,0.44065
1906,37035,0.34804999999999997
1907,37037,0.3421
1908,37039,0.33974999999999994
1909,37041,0.43195
1910,37043,0.3457
1911,37045,0.377
1912,37047,0.42725
1913,37049,0.39370000000000005
1914,37051,0.4126000000000001
1915,37053,0.38245000000000007
1916,37055,0.34305
1917,37057,0.37255000000000005
1918,37059,0.35924999999999996
1919,37061,0.45695
1920,37063,0.35359999999999997
1921,37065,0.48305
1922,37067,0.32535
1923,37069,0.42875
1924,37071,0.35865
1925,37073,0.4266
1926,37075,0.38189999999999996
1927,37077,0.41864999999999997
1928,37079,0.4464
1929,37081,0.34935000000000005
1930,37083,0.48855000000000004
1931,37085,0.40075000000000005
1932,37087,0.3342
1933,37089,0.30785
1934,37091,0.4575
1935,37093,0.41650000000000004
1936,37095,0.44900000000000007
1937,37097,0.3586
1938,37099,0.355
1939,37101,0.41659999999999997
1940,37103,0.42815
1941,37105,0.3788500000000001
1942,37107,0.4489
1943,37109,0.342
1944,37111,0.38565
1945,37113,0.33340000000000003
1946,37115,0.36575
1947,37117,0.46864999999999996
1948,37119,0.32945
1949,37121,0.36010000000000003
1950,37123,0.41215
1951,37125,0.33835
1952,37127,0.4147
1953,37129,0.33004999999999995
1954,37131,0.4768
1955,37133,0.3704
1956,37135,0.24109999999999998
1957,37137,0.40125
1958,37139,0.4237
1959,37141,0.40340000000000004
1960,37143,0.39394999999999997
1961,37145,0.4343
1962,37147,0.41075
1963,37149,0.29985
1964,37151,0.36635000000000006
1965,37153,0.40485
1966,37155,0.4764
1967,37157,0.4157
1968,37159,0.39280000000000004
1969,37161,0.3693
1970,37163,0.4631
1971,37165,0.43735
1972,37167,0.36765000000000003
1973,37169,0.37689999999999996
1974,37171,0.39155
1975,37173,0.38655
1976,37175,0.31170000000000003
1977,37177,0.45555000000000007
1978,37179,0.35174999999999995
1979,37181,0.47045000000000003
1980,37183,0.3222
1981,37185,0.47489999999999993
1982,37187,0.46325000000000005
1983,37189,0.3066
1984,37191,0.4165
1985,37193,0.37955
1986,37195,0.43925
1987,37197,0.39
1988,37199,0.34415000000000007
1989,38001,0.32049999999999995
1990,38003,0.36105000000000004
1991,38005,0.43644999999999995
1992,38007,0.35595
1993,38009,0.36295
1994,38011,0.34415
1995,38013,0.37295
1996,38015,0.33215000000000006
1997,38017,0.3465
1998,38019,0.3558
1999,38021,0.35719999999999996
2000,38023,0.37045
2001,38025,0.36875
2002,38027,0.35395
2003,38029,0.3831
2004,38031,0.3415000000000001
2005,38033,0.3576
2006,38035,0.36989999999999995
2007,38037,0.3689
2008,38039,0.35485
2009,38041,0.35230000000000006
2010,38043,0.3797
2011,38045,0.35845
2012,38047,0.40645
2013,38049,0.37485
2014,38051,0.4014
2015,38053,0.3832
2016,38055,0.37070000000000003
2017,38057,0.37015
2018,38059,0.37665
2019,38061,0.39390000000000003
2020,38063,0.3711
2021,38065,0.35790000000000005
2022,38067,0.35495000000000004
2023,38069,0.37725000000000003
2024,38071,0.35350000000000004
2025,38073,0.3503
2026,38075,0.3539
2027,38077,0.3687
2028,38079,0.44284999999999997
2029,38081,0.37155
2030,38083,0.36524999999999996
2031,38085,0.47859999999999997
2032,38087,0.36829999999999996
2033,38089,0.36829999999999996
2034,38091,0.37915
2035,38093,0.36489999999999995
2036,38095,0.36555
2037,38097,0.3761
2038,38099,0.3739
2039,38101,0.35455
2040,38103,0.361
2041,38105,0.36894999999999994
2042,39001,0.4181
2043,39003,0.44165
2044,39005,0.38230000000000003
2045,39007,0.38254999999999995
2046,39009,0.39325000000000004
2047,39011,0.3893
2048,39013,0.392
2049,39015,0.40395
2050,39017,0.36655
2051,39019,0.40445
2052,39021,0.3914
2053,39023,0.385
2054,39025,0.36565
2055,39027,0.36245000000000005
2056,39029,0.41230000000000006
2057,39031,0.39299999999999996
2058,39033,0.40674999999999994
2059,39035,0.35370000000000007
2060,39037,0.39039999999999997
2061,39039,0.37134999999999996
2062,39041,0.32289999999999996
2063,39043,0.38095
2064,39045,0.3947
2065,39047,0.39519999999999994
2066,39049,0.37670000000000003
2067,39051,0.38195
2068,39053,0.40155
2069,39055,0.33120000000000005
2070,39057,0.3395
2071,39059,0.3957
2072,39061,0.35400000000000004
2073,39063,0.3836
2074,39065,0.41145
2075,39067,0.40425
2076,39069,0.3897
2077,39071,0.3967
2078,39073,0.40835
2079,39075,0.4645
2080,39077,0.39604999999999996
2081,39079,0.4315
2082,39081,0.40730000000000005
2083,39083,0.36920000000000003
2084,39085,0.34125
2085,39087,0.44155
2086,39089,0.38625
2087,39091,0.4
2088,39093,0.38534999999999997
2089,39095,0.4053
2090,39097,0.39165000000000005
2091,39099,0.36719999999999997
2092,39101,0.3998999999999999
2093,39103,0.34204999999999997
2094,39105,0.41584999999999994
2095,39107,0.36345
2096,39109,0.37445
2097,39111,0.41685
2098,39113,0.37864999999999993
2099,39115,0.40835
2100,39117,0.39844999999999997
2101,39119,0.38775000000000004
2102,39121,0.4354
2103,39123,0.40564999999999996
2104,39125,0.3913
2105,39127,0.41215
2106,39129,0.42045
2107,39131,0.42510000000000003
2108,39133,0.36634999999999995
2109,39135,0.3752500000000001
2110,39137,0.38585
2111,39139,0.40120000000000006
2112,39141,0.40674999999999994
2113,39143,0.40674999999999994
2114,39145,0.4343
2115,39147,0.39495
2116,39149,0.37955
2117,39151,0.3914
2118,39153,0.35745000000000005
2119,39155,0.37379999999999997
2120,39157,0.4021
2121,39159,0.38805
2122,39161,0.3835
2123,39163,0.4278
2124,39165,0.33159999999999995
2125,39167,0.39405
2126,39169,0.3752500000000001
2127,39171,0.36920000000000003
2128,39173,0.38795
2129,39175,0.38675
2130,40001,0.4341
2131,40003,0.3854000000000001
2132,40005,0.4071
2133,40007,0.36894999999999994
2134,40009,0.381
2135,40011,0.39925
2136,40013,0.38734999999999997
2137,40015,0.4167
2138,40017,0.36560000000000004
2139,40019,0.38525000000000004
2140,40021,0.41295000000000004
2141,40023,0.41075
2142,40025,0.3937
2143,40027,0.37034999999999996
2144,40029,0.4316
2145,40031,0.3968
2146,40033,0.4007
2147,40035,0.42715000000000003
2148,40037,0.40340000000000004
2149,40039,0.3791
2150,40041,0.40745
2151,40043,0.37424999999999997
2152,40045,0.34840000000000004
2153,40047,0.38670000000000004
2154,40049,0.4022
2155,40051,0.42025
2156,40053,0.39269999999999994
2157,40055,0.39555
2158,40057,0.4102
2159,40059,0.3636
2160,40061,0.41735
2161,40063,0.44965000000000005
2162,40065,0.37805
2163,40067,0.40120000000000006
2164,40069,0.4069
2165,40071,0.40740000000000004
2166,40073,0.38065
2167,40075,0.39120000000000005
2168,40077,0.38980000000000004
2169,40079,0.38865
2170,40081,0.39799999999999996
2171,40083,0.40674999999999994
2172,40085,0.38435
2173,40087,0.38985
2174,40089,0.41965
2175,40091,0.41674999999999995
2176,40093,0.37120000000000003
2177,40095,0.39975
2178,40097,0.4156
2179,40099,0.42095
2180,40101,0.39239999999999997
2181,40103,0.3969
2182,40105,0.42265
2183,40107,0.43790000000000007
2184,40109,0.3698
2185,40111,0.40295000000000003
2186,40113,0.409
2187,40115,0.41450000000000004
2188,40117,0.3942
2189,40119,0.36385000000000006
2190,40121,0.4053
2191,40123,0.4083
2192,40125,0.4170999999999999
2193,40127,0.41174999999999995
2194,40129,0.36274999999999996
2195,40131,0.38095
2196,40133,0.43504999999999994
2197,40135,0.41145
2198,40137,0.3775
2199,40139,0.38034999999999997
2200,40141,0.41395
2201,40143,0.35685
2202,40145,0.3795
2203,40147,0.3757
2204,40149,0.38420000000000004
2205,40151,0.36290000000000006
2206,40153,0.36329999999999996
2207,41001,0.35489999999999994
2208,41003,0.3184
2209,41005,0.3325
2210,41007,0.3526
2211,41009,0.37829999999999997
2212,41011,0.3918000000000001
2213,41013,0.35450000000000004
2214,41015,0.3677500000000001
2215,41017,0.27905
2216,41019,0.3811
2217,41021,0.38045
2218,41023,0.3488
2219,41025,0.3506
2220,41027,0.35159999999999997
2221,41029,0.3209
2222,41031,0.38675
2223,41033,0.36310000000000003
2224,41035,0.3432
2225,41037,0.34245
2226,41039,0.33445
2227,41041,0.36995000000000006
2228,41043,0.36655
2229,41045,0.3729
2230,41047,0.38189999999999996
2231,41049,0.40490000000000004
2232,41051,0.2995
2233,41053,0.39030000000000004
2234,41055,0.38025000000000003
2235,41057,0.36424999999999996
2236,41059,0.4144
2237,41061,0.35614999999999997
2238,41063,0.35284999999999994
2239,41065,0.40015
2240,41067,0.31939999999999996
2241,41069,0.35595
2242,41071,0.36875
2243,42001,0.37244999999999995
2244,42003,0.35465
2245,42005,0.38670000000000004
2246,42007,0.39614999999999995
2247,42009,0.40655
2248,42011,0.36825
2249,42013,0.40549999999999997
2250,42015,0.39055
2251,42017,0.31475
2252,42019,0.36215
2253,42021,0.42230000000000006
2254,42023,0.3958
2255,42025,0.38675
2256,42027,0.34980000000000006
2257,42029,0.3064
2258,42031,0.3795
2259,42033,0.39165
2260,42035,0.39315
2261,42037,0.4044
2262,42039,0.36945
2263,42041,0.34025000000000005
2264,42043,0.39269999999999994
2265,42045,0.33465000000000006
2266,42047,0.36650000000000005
2267,42049,0.36825
2268,42051,0.4203
2269,42053,0.40805
2270,42055,0.39120000000000005
2271,42057,0.40605
2272,42059,0.4175
2273,42061,0.3857
2274,42063,0.37865000000000004
2275,42065,0.36884999999999996
2276,42067,0.41635000000000005
2277,42069,0.3433
2278,42071,0.37549999999999994
2279,42073,0.3864
2280,42075,0.3944499999999999
2281,42077,0.35810000000000003
2282,42079,0.3739
2283,42081,0.3889
2284,42083,0.37195
2285,42085,0.38055
2286,42087,0.4068
2287,42089,0.36024999999999996
2288,42091,0.3035
2289,42093,0.27925
2290,42095,0.36739999999999995
2291,42097,0.41855000000000003
2292,42099,0.3998999999999999
2293,42101,0.38295
2294,42103,0.36375
2295,42105,0.38799999999999996
2296,42107,0.40275
2297,42109,0.40775000000000006
2298,42111,0.41415
2299,42113,0.39925
2300,42115,0.38254999999999995
2301,42117,0.39504999999999996
2302,42119,0.3735
2303,42121,0.3846
2304,42123,0.37105000000000005
2305,42125,0.38734999999999997
2306,42127,0.363
2307,42129,0.35705
2308,42131,0.3871
2309,42133,0.39005
2310,44001,0.2877
2311,44003,0.336
2312,44005,0.2833
2313,44007,0.3504
2314,44009,0.28885
2315,45001,0.40519999999999995
2316,45003,0.40069999999999995
2317,45005,0.5056
2318,45007,0.36790000000000006
2319,45009,0.4784999999999999
2320,45011,0.4535
2321,45013,0.29015
2322,45015,0.43005000000000004
2323,45017,0.43329999999999996
2324,45019,0.3333
2325,45021,0.39480000000000004
2326,45023,0.43095
2327,45025,0.40704999999999997
2328,45027,0.46485
2329,45029,0.43925
2330,45031,0.4065000000000001
2331,45033,0.46959999999999996
2332,45035,0.37120000000000003
2333,45037,0.43915
2334,45039,0.45435000000000003
2335,45041,0.40695
2336,45043,0.3925
2337,45045,0.349
2338,45047,0.40395
2339,45049,0.46709999999999996
2340,45051,0.36615
2341,45053,0.45730000000000004
2342,45055,0.37920000000000004
2343,45057,0.39335000000000003
2344,45059,0.43135000000000007
2345,45061,0.47629999999999995
2346,45063,0.37305
2347,45065,0.45025
2348,45067,0.44055
2349,45069,0.4753
2350,45071,0.43239999999999995
2351,45073,0.37075
2352,45075,0.4582
2353,45077,0.34405
2354,45079,0.37265
2355,45081,0.4079
2356,45083,0.34905
2357,45085,0.4203
2358,45087,0.42815
2359,45089,0.47864999999999996
2360,45091,0.35719999999999996
2361,46003,0.37034999999999996
2362,46005,0.3813500000000001
2363,46007,0.42579999999999996
2364,46009,0.37255000000000005
2365,46011,0.3335
2366,46013,0.3533
2367,46015,0.3587
2368,46017,0.45965000000000006
2369,46019,0.35655000000000003
2370,46021,0.38099999999999995
2371,46023,0.39485
2372,46025,0.36235
2373,46027,0.36090000000000005
2374,46029,0.34945
2375,46031,0.43345
2376,46033,0.34629999999999994
2377,46035,0.37975000000000003
2378,46037,0.36905
2379,46039,0.36424999999999996
2380,46041,0.47105
2381,46043,0.39875
2382,46045,0.36760000000000004
2383,46047,0.35405000000000003
2384,46049,0.37735
2385,46051,0.36985
2386,46053,0.3688
2387,46055,0.3286
2388,46057,0.36340000000000006
2389,46059,0.36150000000000004
2390,46061,0.37325
2391,46063,0.3725
2392,46065,0.36045
2393,46067,0.38175
2394,46069,0.38215000000000005
2395,46071,0.4245999999999999
2396,46073,0.36349999999999993
2397,46075,0.36560000000000004
2398,46077,0.35355000000000003
2399,46079,0.3425
2400,46081,0.31575
2401,46083,0.33885000000000004
2402,46085,0.4083
2403,46087,0.35019999999999996
2404,46089,0.40230000000000005
2405,46091,0.377
2406,46093,0.33974999999999994
2407,46095,0.4396
2408,46097,0.34215
2409,46099,0.35515
2410,46101,0.35700000000000004
2411,46103,0.32985
2412,46105,0.36765000000000003
2413,46107,0.35405000000000003
2414,46109,0.39635000000000004
2415,46111,0.382
2416,46113,0.48894999999999994
2417,46115,0.36489999999999995
2418,46117,0.3607
2419,46119,0.3586
2420,46121,0.4701000000000001
2421,46123,0.37355000000000005
2422,46125,0.3655
2423,46127,0.35745
2424,46129,0.37655
2425,46135,0.35305
2426,46137,0.46349999999999997
2427,47001,0.3687
2428,47003,0.41784999999999994
2429,47005,0.40985
2430,47007,0.41715
2431,47009,0.36144999999999994
2432,47011,0.37445
2433,47013,0.42375
2434,47015,0.40659999999999996
2435,47017,0.41985
2436,47019,0.39030000000000004
2437,47021,0.3838
2438,47023,0.42935
2439,47025,0.40620000000000006
2440,47027,0.434
2441,47029,0.4081
2442,47031,0.3908
2443,47033,0.4157
2444,47035,0.36394999999999994
2445,47037,0.35205
2446,47039,0.40240000000000004
2447,47041,0.4076000000000001
2448,47043,0.38315
2449,47045,0.4075
2450,47047,0.4177
2451,47049,0.42515000000000003
2452,47051,0.39099999999999996
2453,47053,0.41095
2454,47055,0.41705
2455,47057,0.40975
2456,47059,0.39905
2457,47061,0.43715000000000004
2458,47063,0.38439999999999996
2459,47065,0.36405
2460,47067,0.4269
2461,47069,0.46845
2462,47071,0.39209999999999995
2463,47073,0.39745
2464,47075,0.45975
2465,47077,0.41045000000000004
2466,47079,0.39285
2467,47081,0.40745000000000003
2468,47083,0.40025
2469,47085,0.39195
2470,47087,0.42855
2471,47089,0.36450000000000005
2472,47091,0.40235
2473,47093,0.3436
2474,47095,0.47755000000000003
2475,47097,0.45285
2476,47099,0.39295
2477,47101,0.40715
2478,47103,0.40129999999999993
2479,47105,0.36515000000000003
2480,47107,0.38939999999999997
2481,47109,0.40465
2482,47111,0.41185000000000005
2483,47113,0.4048
2484,47115,0.39894999999999997
2485,47117,0.40985
2486,47119,0.39735
2487,47121,0.40850000000000003
2488,47123,0.40655
2489,47125,0.3779
2490,47127,0.40769999999999995
2491,47129,0.3983
2492,47131,0.4115
2493,47133,0.41575
2494,47135,0.4065
2495,47137,0.40814999999999996
2496,47139,0.37855000000000005
2497,47141,0.375
2498,47143,0.40974999999999995
2499,47145,0.38900000000000007
2500,47147,0.38634999999999997
2501,47149,0.373
2502,47151,0.40879999999999994
2503,47153,0.40665
2504,47155,0.35730000000000006
2505,47157,0.3986
2506,47159,0.3993
2507,47161,0.37870000000000004
2508,47163,0.3752
2509,47165,0.35810000000000003
2510,47167,0.39715000000000006
2511,47169,0.40625
2512,47171,0.39675
2513,47173,0.41650000000000004
2514,47175,0.40385000000000004
2515,47177,0.40235
2516,47179,0.34509999999999996
2517,47181,0.39269999999999994
2518,47183,0.39925
2519,47185,0.38734999999999997
2520,47187,0.2978
2521,47189,0.3698
2522,48001,0.38170000000000004
2523,48003,0.40614999999999996
2524,48005,0.39925
2525,48007,0.38455
2526,48009,0.37315
2527,48011,0.3558
2528,48013,0.3884
2529,48015,0.38370000000000004
2530,48017,0.3968
2531,48019,0.375
2532,48021,0.37420000000000003
2533,48023,0.36305
2534,48025,0.41255000000000003
2535,48027,0.3564
2536,48029,0.39275
2537,48031,0.33230000000000004
2538,48033,0.36784999999999995
2539,48035,0.38125
2540,48037,0.38510000000000005
2541,48039,0.34915
2542,48041,0.35895000000000005
2543,48043,0.35755
2544,48045,0.3793000000000001
2545,48047,0.46599999999999997
2546,48049,0.37129999999999996
2547,48051,0.40519999999999995
2548,48053,0.34620000000000006
2549,48055,0.40019999999999994
2550,48057,0.38585
2551,48059,0.3697
2552,48061,0.44299999999999995
2553,48063,0.4174
2554,48065,0.36469999999999997
2555,48067,0.4068
2556,48069,0.40105
2557,48071,0.3743
2558,48073,0.4054
2559,48075,0.37629999999999997
2560,48077,0.36815
2561,48079,0.4129
2562,48081,0.3665
2563,48083,0.3895
2564,48085,0.29600000000000004
2565,48087,0.39945
2566,48089,0.38835000000000003
2567,48091,0.34395
2568,48093,0.38815
2569,48095,0.37144999999999995
2570,48097,0.38875
2571,48099,0.36840000000000006
2572,48101,0.41445
2573,48103,0.40635000000000004
2574,48105,0.43295
2575,48107,0.40700000000000003
2576,48109,0.41605000000000003
2577,48111,0.38725000000000004
2578,48113,0.37284999999999996
2579,48115,0.4267
2580,48117,0.4097
2581,48119,0.38985
2582,48121,0.35845
2583,48123,0.3936
2584,48125,0.40840000000000004
2585,48127,0.45695
2586,48129,0.382
2587,48131,0.41424999999999995
2588,48133,0.3986
2589,48135,0.41125
2590,48137,0.40295000000000003
2591,48139,0.37959999999999994
2592,48141,0.38170000000000004
2593,48143,0.3727500000000001
2594,48145,0.4181
2595,48147,0.37605000000000005
2596,48149,0.38
2597,48151,0.36475
2598,48153,0.4015000000000001
2599,48155,0.40845
2600,48157,0.32315
2601,48159,0.38909999999999995
2602,48161,0.39605
2603,48163,0.42255
2604,48165,0.44465000000000005
2605,48167,0.3533
2606,48169,0.43754999999999994
2607,48171,0.33130000000000004
2608,48173,0.36625
2609,48175,0.36045
2610,48177,0.42144999999999994
2611,48179,0.39039999999999997
2612,48181,0.35275
2613,48183,0.4032
2614,48185,0.42224999999999996
2615,48187,0.39375
2616,48189,0.4021
2617,48191,0.4106
2618,48193,0.36394999999999994
2619,48195,0.39155
2620,48197,0.36829999999999996
2621,48199,0.3986
2622,48201,0.36829999999999996
2623,48203,0.42724999999999996
2624,48205,0.39275000000000004
2625,48207,0.39245
2626,48209,0.35719999999999996
2627,48211,0.3786
2628,48213,0.3865
2629,48215,0.46785
2630,48217,0.39835
2631,48219,0.3926
2632,48221,0.36405
2633,48223,0.41715
2634,48225,0.4036
2635,48227,0.4048999999999999
2636,48229,0.4411
2637,48231,0.39825000000000005
2638,48233,0.3931
2639,48235,0.37875
2640,48237,0.3925
2641,48239,0.4028
2642,48241,0.39640000000000003
2643,48243,0.35509999999999997
2644,48245,0.40015
2645,48247,0.44144999999999995
2646,48249,0.41905000000000003
2647,48251,0.38625
2648,48253,0.42495000000000005
2649,48255,0.40985
2650,48257,0.3932
2651,48259,0.30424999999999996
2652,48261,0.40325000000000005
2653,48263,0.35505000000000003
2654,48265,0.33575000000000005
2655,48267,0.3893
2656,48269,0.37265
2657,48271,0.425
2658,48273,0.39415000000000006
2659,48275,0.39685000000000004
2660,48277,0.36555
2661,48279,0.39935000000000004
2662,48281,0.3642
2663,48283,0.47114999999999996
2664,48285,0.38885000000000003
2665,48287,0.39055
2666,48289,0.3886
2667,48291,0.41664999999999996
2668,48293,0.40505
2669,48295,0.36579999999999996
2670,48297,0.38955
2671,48299,0.35090000000000005
2672,48301,0.3711499999999999
2673,48303,0.35985
2674,48305,0.39549999999999996
2675,48307,0.38614999999999994
2676,48309,0.38459999999999994
2677,48311,0.39030000000000004
2678,48313,0.41725
2679,48315,0.43689999999999996
2680,48317,0.396
2681,48319,0.36435
2682,48321,0.3932
2683,48323,0.4565000000000001
2684,48325,0.39189999999999997
2685,48327,0.3815
2686,48329,0.3632
2687,48331,0.3995
2688,48333,0.3721
2689,48335,0.3981
2690,48337,0.3834
2691,48339,0.35894999999999994
2692,48341,0.40105
2693,48343,0.4044
2694,48345,0.36
2695,48347,0.39615
2696,48349,0.4065
2697,48351,0.4257
2698,48353,0.38945
2699,48355,0.38065
2700,48357,0.3990000000000001
2701,48359,0.38489999999999996
2702,48361,0.4032
2703,48363,0.39415
2704,48365,0.4178
2705,48367,0.36835
2706,48369,0.41405000000000003
2707,48371,0.40215
2708,48373,0.41825
2709,48375,0.3883
2710,48377,0.4244
2711,48379,0.40715
2712,48381,0.31785
2713,48383,0.41784999999999994
2714,48385,0.39495
2715,48387,0.42655
2716,48389,0.44920000000000004
2717,48391,0.40175
2718,48393,0.34740000000000004
2719,48395,0.41724999999999995
2720,48397,0.33265
2721,48399,0.39565
2722,48401,0.42060000000000003
2723,48403,0.4082
2724,48405,0.4362
2725,48407,0.41564999999999996
2726,48409,0.41005
2727,48411,0.36019999999999996
2728,48413,0.3734
2729,48415,0.38754999999999995
2730,48417,0.37494999999999995
2731,48419,0.43005000000000004
2732,48421,0.3933
2733,48423,0.359
2734,48425,0.34909999999999997
2735,48427,0.5094
2736,48429,0.38935000000000003
2737,48431,0.4021
2738,48433,0.37295
2739,48435,0.39585000000000004
2740,48437,0.3932
2741,48439,0.36575
2742,48441,0.35700000000000004
2743,48443,0.37545
2744,48445,0.42015
2745,48447,0.39215000000000005
2746,48449,0.3918
2747,48451,0.36685
2748,48453,0.31425
2749,48455,0.41545000000000004
2750,48457,0.40685000000000004
2751,48459,0.40415
2752,48461,0.39385000000000003
2753,48463,0.4044
2754,48465,0.4278
2755,48467,0.4031
2756,48469,0.37
2757,48471,0.4053
2758,48473,0.4144
2759,48475,0.41875
2760,48477,0.38530000000000003
2761,48479,0.45025000000000004
2762,48481,0.4109999999999999
2763,48483,0.36174999999999996
2764,48485,0.36915
2765,48487,0.39594999999999997
2766,48489,0.47285
2767,48491,0.3322
2768,48493,0.3838
2769,48495,0.43134999999999996
2770,48497,0.38935000000000003
2771,48499,0.39649999999999996
2772,48501,0.41015
2773,48503,0.38099999999999995
2774,48505,0.48265
2775,48507,0.44480000000000003
2776,49001,0.33155
2777,49003,0.36989999999999995
2778,49005,0.33230000000000004
2779,49007,0.34604999999999997
2780,49009,0.3408
2781,49011,0.32535
2782,49013,0.33954999999999996
2783,49015,0.36105000000000004
2784,49017,0.33875
2785,49019,0.3096
2786,49021,0.3373999999999999
2787,49023,0.36195
2788,49025,0.3153
2789,49027,0.3369
2790,49029,0.28130000000000005
2791,49031,0.3682
2792,49033,0.30774999999999997
2793,49035,0.31705
2794,49037,0.3847
2795,49039,0.3442
2796,49041,0.3481
2797,49043,0.21230000000000002
2798,49045,0.37875
2799,49047,0.36489999999999995
2800,49049,0.32894999999999996
2801,49051,0.29265
2802,49053,0.32010000000000005
2803,49055,0.31384999999999996
2804,49057,0.34515
2805,50001,0.28605
2806,50003,0.29805
2807,50005,0.3281
2808,50007,0.2644
2809,50009,0.3701
2810,50011,0.36105000000000004
2811,50013,0.32594999999999996
2812,50015,0.31095
2813,50017,0.32825000000000004
2814,50019,0.3519
2815,50021,0.3256
2816,50023,0.27814999999999995
2817,50025,0.29145
2818,50027,0.2993
2819,51001,0.43155
2820,51003,0.2942
2821,51005,0.3703
2822,51007,0.4235
2823,51009,0.3922
2824,51011,0.40129999999999993
2825,51013,0.25185
2826,51015,0.36495
2827,51017,0.3718
2828,51019,0.34015
2829,51021,0.36560000000000004
2830,51023,0.33814999999999995
2831,51025,0.47334999999999994
2832,51027,0.43284999999999996
2833,51029,0.44715000000000005
2834,51031,0.3875
2835,51033,0.40805
2836,51035,0.40175
2837,51036,0.46265
2838,51037,0.43685
2839,51041,0.3428
2840,51043,0.36284999999999995
2841,51045,0.3436
2842,51047,0.37959999999999994
2843,51049,0.4086
2844,51051,0.4298
2845,51053,0.4339
2846,51057,0.4081
2847,51059,0.26095
2848,51061,0.344
2849,51063,0.36674999999999996
2850,51065,0.37510000000000004
2851,51067,0.35835
2852,51069,0.3697
2853,51071,0.37795
2854,51073,0.35695
2855,51075,0.33640000000000003
2856,51077,0.39735
2857,51079,0.3829
2858,51081,0.4622
2859,51083,0.4304
2860,51085,0.33840000000000003
2861,51087,0.33244999999999997
2862,51089,0.40535
2863,51091,0.39730000000000004
2864,51093,0.39435000000000003
2865,51095,0.3275
2866,51097,0.42255
2867,51099,0.3617
2868,51101,0.375
2869,51103,0.39390000000000003
2870,51105,0.40945
2871,51107,0.28564999999999996
2872,51109,0.38634999999999997
2873,51111,0.44965000000000005
2874,51113,0.38510000000000005
2875,51115,0.37644999999999995
2876,51117,0.4327
2877,51119,0.3682
2878,51121,0.3322
2879,51125,0.3641500000000001
2880,51127,0.37675
2881,51131,0.41534999999999994
2882,51133,0.3857
2883,51135,0.4463
2884,51137,0.38675
2885,51139,0.41609999999999997
2886,51141,0.3918
2887,51143,0.39715000000000006
2888,51145,0.37975000000000003
2889,51147,0.43155
2890,51149,0.41545000000000004
2891,51153,0.34855
2892,51155,0.3691
2893,51157,0.3736
2894,51159,0.4279
2895,51161,0.31085
2896,51163,0.3703
2897,51165,0.37634999999999996
2898,51167,0.41935
2899,51169,0.41095
2900,51171,0.37295
2901,51173,0.40159999999999996
2902,51175,0.4321
2903,51177,0.36855000000000004
2904,51179,0.35810000000000003
2905,51181,0.44870000000000004
2906,51183,0.4875
2907,51185,0.40114999999999995
2908,51187,0.37200000000000005
2909,51191,0.3641
2910,51193,0.42225
2911,51195,0.43620000000000003
2912,51197,0.3834
2913,51199,0.32505
2914,51510,0.26285000000000003
2915,51515,0.35974999999999996
2916,51520,0.41850000000000004
2917,51530,0.40880000000000005
2918,51540,0.25429999999999997
2919,51550,0.37515
2920,51570,0.3379
2921,51580,0.38370000000000004
2922,51590,0.40299999999999997
2923,51595,0.45805
2924,51600,0.22435000000000002
2925,51610,0.18585000000000002
2926,51620,0.42450000000000004
2927,51630,0.3271
2928,51640,0.35905000000000004
2929,51650,0.42560000000000003
2930,51660,0.3528
2931,51670,0.45385000000000003
2932,51678,0.37075
2933,51680,0.3686
2934,51683,0.34785
2935,51685,0.365
2936,51690,0.34755
2937,51700,0.40625
2938,51710,0.42885000000000006
2939,51720,0.36150000000000004
2940,51730,0.48879999999999996
2941,51735,0.34465
2942,51740,0.4654
2943,51750,0.32989999999999997
2944,51760,0.3757
2945,51770,0.40255
2946,51775,0.33590000000000003
2947,51790,0.37634999999999996
2948,51800,0.4089
2949,51810,0.34290000000000004
2950,51820,0.36575
2951,51830,0.33585
2952,51840,0.3262
2953,53001,0.4489
2954,53003,0.37310000000000004
2955,53005,0.3711
2956,53007,0.32510000000000006
2957,53009,0.3361
2958,53011,0.3567
2959,53013,0.3992
2960,53015,0.41765
2961,53017,0.36815
2962,53019,0.37854999999999994
2963,53021,0.4347
2964,53023,0.35395
2965,53025,0.4105
2966,53027,0.40980000000000005
2967,53029,0.31535
2968,53031,0.3139
2969,53033,0.28735
2970,53035,0.35395
2971,53037,0.33565
2972,53039,0.36075
2973,53041,0.40725
2974,53043,0.37200000000000005
2975,53045,0.3832
2976,53047,0.3629
2977,53049,0.41489999999999994
2978,53051,0.3637
2979,53053,0.38805
2980,53055,0.25565
2981,53057,0.35135
2982,53059,0.37805
2983,53061,0.35534999999999994
2984,53063,0.34495
2985,53065,0.35795
2986,53067,0.3578
2987,53069,0.3732
2988,53071,0.35784999999999995
2989,53073,0.31675000000000003
2990,53075,0.35465
2991,53077,0.40980000000000005
2992,54001,0.40785
2993,54003,0.40064999999999995
2994,54005,0.4409
2995,54007,0.40769999999999995
2996,54009,0.39980000000000004
2997,54011,0.4072
2998,54013,0.4353
2999,54015,0.45455
3000,54017,0.41224999999999995
3001,54019,0.40885000000000005
3002,54021,0.41855000000000003
3003,54023,0.3971
3004,54025,0.36090000000000005
3005,54027,0.4076000000000001
3006,54029,0.40549999999999997
3007,54031,0.3856
3008,54033,0.38144999999999996
3009,54035,0.41085
3010,54037,0.37489999999999996
3011,54039,0.37665
3012,54041,0.38799999999999996
3013,54043,0.46909999999999996
3014,54045,0.44965000000000005
3015,54047,0.46545000000000003
3016,54049,0.41145
3017,54051,0.3909
3018,54053,0.4321
3019,54055,0.3921
3020,54057,0.39795
3021,54059,0.44015
3022,54061,0.3153
3023,54063,0.39325000000000004
3024,54065,0.39045
3025,54067,0.39665000000000006
3026,54069,0.35215
3027,54071,0.36724999999999997
3028,54073,0.37565
3029,54075,0.37065
3030,54077,0.39565
3031,54079,0.39094999999999996
3032,54081,0.39849999999999997
3033,54083,0.3784
3034,54085,0.39289999999999997
3035,54087,0.4411
3036,54089,0.4126000000000001
3037,54091,0.41114999999999996
3038,54093,0.37985
3039,54095,0.40325000000000005
3040,54097,0.37945
3041,54099,0.43685
3042,54101,0.4229
3043,54103,0.40465
3044,54105,0.39325000000000004
3045,54107,0.38364999999999994
3046,54109,0.43085
3047,55001,0.4004000000000001
3048,55003,0.3566
3049,55005,0.36290000000000006
3050,55007,0.36284999999999995
3051,55009,0.3566500000000001
3052,55011,0.37555
3053,55013,0.34985
3054,55015,0.37485
3055,55017,0.35835
3056,55019,0.38065
3057,55021,0.37994999999999995
3058,55023,0.34215
3059,55025,0.3138
3060,55027,0.4064
3061,55029,0.35284999999999994
3062,55031,0.3614
3063,55033,0.37
3064,55035,0.34340000000000004
3065,55037,0.3574
3066,55039,0.39105000000000006
3067,55041,0.37459999999999993
3068,55043,0.35395000000000004
3069,55045,0.35019999999999996
3070,55047,0.38854999999999995
3071,55049,0.34700000000000003
3072,55051,0.3625
3073,55053,0.39825000000000005
3074,55055,0.37265
3075,55057,0.38955
3076,55059,0.3614
3077,55061,0.37185
3078,55063,0.33155
3079,55065,0.35955
3080,55067,0.37325
3081,55069,0.36685
3082,55071,0.36060000000000003
3083,55073,0.3308
3084,55075,0.3637
3085,55077,0.3994
3086,55078,0.42950000000000005
3087,55079,0.3788500000000001
3088,55081,0.37020000000000003
3089,55083,0.36965000000000003
3090,55085,0.34340000000000004
3091,55087,0.36045
3092,55089,0.2966
3093,55091,0.36560000000000004
3094,55093,0.3519
3095,55095,0.35345
3096,55097,0.3547
3097,55099,0.3520999999999999
3098,55101,0.3786
3099,55103,0.3611
3100,55105,0.3642
3101,55107,0.37004999999999993
3102,55109,0.3518
3103,55111,0.36920000000000003
3104,55113,0.36469999999999997
3105,55115,0.36774999999999997
3106,55117,0.33875
3107,55119,0.36524999999999996
3108,55121,0.39185000000000003
3109,55123,0.35730000000000006
3110,55125,0.34
3111,55127,0.3454
3112,55129,0.35615
3113,55131,0.3481
3114,55133,0.3097
3115,55135,0.3667
3116,55137,0.38905
3117,55139,0.36810000000000004
3118,55141,0.33879999999999993
3119,56001,0.2854
3120,56003,0.3506
3121,56005,0.3875
3122,56007,0.36090000000000005
3123,56009,0.3675
3124,56011,0.3567
3125,56013,0.33049999999999996
3126,56015,0.36565
3127,56017,0.33980000000000005
3128,56019,0.33045
3129,56021,0.32644999999999996
3130,56023,0.3078
3131,56025,0.342
3132,56027,0.36805
3133,56029,0.27745
3134,56031,0.32865
3135,56033,0.3186
3136,56035,0.28885
3137,56037,0.35369999999999996
3138,56039,0.20600000000000002
3139,56041,0.3565
3140,56043,0.33535
3141,56045,0.3636
